{
  "version": 1,
  "avg_freq": 0.000129,
  "distance_quantiles": {
    "0.1": 3.2948312653704988,
    "0.3": 3.685046061643883,
    "0.5": 3.9425652420558297,
    "0.7": 4.164287715654757,
    "0.9": 4.4950151988188285
  }
}